City_ID,City,Country,Date,Lat,Lng,Max Temp,Humidity,Cloudiness,Wind Speed
0,Gumdag,TM,2021-11-24 17:20:28,39.2061,54.5906,56.59,74,86,11.52
1,Kloulklubed,PW,2021-11-24 17:20:28,7.0419,134.2556,84.51,76,90,17.76
2,Vostok,RU,2021-11-24 17:20:29,46.4856,135.8833,7.7,97,100,3.96
3,Avarua,CK,2021-11-24 17:20:29,-21.2078,-159.775,75.25,78,90,3.44
4,Turinsk,RU,2021-11-24 17:20:29,58.0458,63.696,16.25,91,100,8.75
5,Albany,US,2021-11-24 17:20:30,42.6001,-73.9662,39.67,49,1,7.4
6,Faanui,PF,2021-11-24 17:20:30,-16.4833,-151.75,79.83,75,30,4.34
7,Cape Town,ZA,2021-11-24 17:20:30,-33.9258,18.4232,72.01,47,0,24.16
8,Punta Arenas,CL,2021-11-24 17:16:21,-53.15,-70.9167,48.11,61,65,14.74
9,Rikitea,PF,2021-11-24 17:20:31,-23.1203,-134.9692,76.53,77,100,14.5
10,Cap Malheureux,MU,2021-11-24 17:20:31,-19.9842,57.6142,77.47,71,11,4.0
11,Kahului,US,2021-11-24 17:16:57,20.8947,-156.47,73.85,78,1,5.75
12,Hillsboro,US,2021-11-24 17:15:37,45.5229,-122.9898,42.85,93,90,0.0
13,Port Hardy,CA,2021-11-24 17:20:32,50.6996,-127.4199,44.6,87,90,19.57
14,Ostrovnoy,RU,2021-11-24 17:20:32,68.0531,39.5131,27.61,64,87,19.17
15,Tasiilaq,GL,2021-11-24 17:20:32,65.6145,-37.6368,24.96,93,100,4.43
16,Korla,CN,2021-11-24 17:20:33,41.7597,86.1469,29.03,53,0,1.59
17,Bluff,NZ,2021-11-24 17:20:33,-46.6,168.3333,48.96,88,92,8.97
18,Port-Cartier,CA,2021-11-24 17:20:33,50.0334,-66.8654,37.51,49,5,15.03
19,Dawei,MM,2021-11-24 17:20:33,14.0833,98.2,74.03,83,80,5.66
20,Alacranes,CU,2021-11-24 17:16:08,22.7675,-81.5675,77.49,57,75,12.66
21,Vaini,TO,2021-11-24 17:20:34,-21.2,-175.2,69.96,100,75,0.0
22,Saint-Philippe,RE,2021-11-24 17:20:34,-21.3585,55.7679,78.39,79,65,9.69
23,Cherskiy,RU,2021-11-24 17:20:34,68.75,161.3,-16.15,95,100,2.51
24,Barrow,US,2021-11-24 17:20:35,71.2906,-156.7887,-3.98,77,90,6.91
25,Fort Frances,CA,2021-11-24 17:16:15,48.5999,-93.4003,29.16,79,90,7.0
26,Pangnirtung,CA,2021-11-24 17:20:35,66.1451,-65.7125,19.4,79,90,3.44
27,Port Blair,IN,2021-11-24 17:20:36,11.6667,92.75,81.32,85,99,13.33
28,Atuona,PF,2021-11-24 17:20:36,-9.8,-139.0333,76.96,81,67,12.06
29,Lavrentiya,RU,2021-11-24 17:20:36,65.5833,-171.0,-4.31,92,18,8.39
30,East London,ZA,2021-11-24 17:20:37,-33.0153,27.9116,61.74,77,40,6.91
31,Mataura,NZ,2021-11-24 17:20:37,-46.1927,168.8643,43.21,98,92,2.66
32,Bereda,ES,2021-11-24 17:20:37,43.2686,-7.5406,50.92,94,100,6.31
33,Hilo,US,2021-11-24 17:20:38,19.7297,-155.09,71.11,66,90,9.22
34,Busselton,AU,2021-11-24 17:20:38,-33.65,115.3333,59.09,74,24,12.35
35,Jutai,BR,2021-11-24 17:20:39,-5.1833,-68.9,82.06,80,99,3.51
36,Carutapera,BR,2021-11-24 17:20:39,-1.195,-46.02,88.48,56,61,10.54
37,Aksu,CN,2021-11-24 17:20:39,41.1231,80.2644,32.16,46,2,2.37
38,Tiksi,RU,2021-11-24 17:20:39,71.6872,128.8694,-16.37,97,49,6.62
39,Butaritari,KI,2021-11-24 17:20:40,3.0707,172.7902,81.82,69,91,15.19
40,Salalah,OM,2021-11-24 17:20:40,17.0151,54.0924,82.49,78,20,8.05
41,Naliya,IN,2021-11-24 17:20:41,23.2667,68.8333,73.74,69,10,5.37
42,Yar-Sale,RU,2021-11-24 17:20:41,66.8333,70.8333,3.88,96,100,4.41
43,Sitka,US,2021-11-24 17:20:41,57.0531,-135.33,42.69,75,90,25.32
44,Provideniya,RU,2021-11-24 17:20:42,64.3833,-173.3,3.25,76,31,5.1
45,Esperance,AU,2021-11-24 17:21:42,-33.8667,121.9,56.98,79,6,2.55
46,Bethel,US,2021-11-24 17:21:43,41.3712,-73.414,42.49,41,1,4.0
47,Ushuaia,AR,2021-11-24 17:18:14,-54.8,-68.3,49.66,53,75,23.02
48,Hithadhoo,MV,2021-11-24 17:21:14,-0.6,73.0833,82.4,73,100,19.42
49,Sioux Lookout,CA,2021-11-24 17:21:43,50.1001,-91.917,19.78,86,90,11.5
50,Sukabumi,ID,2021-11-24 17:21:44,-6.9181,106.9267,77.61,85,99,1.28
51,Nouadhibou,MR,2021-11-24 17:21:44,20.931,-17.0347,82.38,51,87,11.5
52,Arraial Do Cabo,BR,2021-11-24 17:21:44,-22.9661,-42.0278,80.56,73,0,12.66
53,Fort Nelson,CA,2021-11-24 17:21:45,58.8053,-122.7002,-8.01,77,75,2.3
54,Yellowknife,CA,2021-11-24 17:20:11,62.456,-114.3525,-10.44,74,20,4.0
55,Talnakh,RU,2021-11-24 17:21:45,69.4865,88.3972,8.47,87,99,7.92
56,Katsuura,JP,2021-11-24 17:21:46,35.1333,140.3,51.91,65,0,8.57
57,Port Alfred,ZA,2021-11-24 17:21:47,-33.5906,26.891,62.67,68,100,11.14
58,Hasaki,JP,2021-11-24 17:21:47,35.7333,140.8333,36.0,38,1,0.87
59,Qaanaaq,GL,2021-11-24 17:21:47,77.484,-69.3632,-5.4,56,0,8.46
60,Sanmenxia,CN,2021-11-24 17:21:47,34.7747,111.1814,43.25,44,0,4.36
61,Leua,SK,2021-11-24 17:21:48,48.2156,18.6071,37.49,62,21,5.88
62,Fonte Boa,BR,2021-11-24 17:21:48,-2.4959,-66.2662,93.0,45,96,4.43
63,Puerto Ayora,EC,2021-11-24 17:21:48,-0.7393,-90.3518,80.56,71,83,10.87
64,Kapaa,US,2021-11-24 17:21:07,22.0752,-159.319,70.12,83,40,5.75
65,Lorengau,PG,2021-11-24 17:21:49,-2.0226,147.2712,82.15,74,95,5.46
66,Saint George,US,2021-11-24 17:21:49,37.1041,-113.5841,54.07,30,1,4.0
67,Gat,IL,2021-11-24 17:21:50,31.61,34.7642,66.88,100,37,5.73
68,Pundaguitan,PH,2021-11-24 17:21:50,6.3711,126.1689,77.61,88,100,7.54
69,Tuktoyaktuk,CA,2021-11-24 17:21:50,69.4541,-133.0374,-23.8,76,1,4.61
70,Siocon,PH,2021-11-24 17:21:50,7.7061,122.1353,79.61,85,100,3.4
71,Huaidian,CN,2021-11-24 17:21:51,33.4333,115.0333,45.79,41,0,7.11
72,Aksha,RU,2021-11-24 17:21:51,50.2814,113.2867,4.5,98,70,2.71
73,Salinas,US,2021-11-24 17:21:30,36.6777,-121.6555,60.87,57,1,3.44
74,Watsa,CD,2021-11-24 17:21:51,3.0372,29.5355,72.37,70,67,1.66
75,Baikunthpur,IN,2021-11-24 17:21:51,23.25,82.55,60.48,34,1,3.62
76,Svetlaya,RU,2021-11-24 17:21:52,46.5389,138.3297,16.38,75,77,9.22
77,Juybar,IR,2021-11-24 17:21:52,36.6412,52.9124,51.96,74,7,1.19
78,Meulaboh,ID,2021-11-24 17:21:52,4.1363,96.1285,74.05,89,100,6.58
79,Udachnyy,RU,2021-11-24 17:21:53,66.4167,112.4,-17.41,94,96,7.81
80,Assiniboia,CA,2021-11-24 17:21:53,49.6334,-105.9845,10.31,66,100,8.05
81,Quatre Cocos,MU,2021-11-24 17:21:54,-20.2078,57.7625,77.09,72,16,7.94
82,Churapcha,RU,2021-11-24 17:21:54,62.0025,132.4325,-25.96,100,88,0.89
83,Armidale,AU,2021-11-24 17:21:54,-30.5167,151.65,59.81,98,100,5.48
84,Airai,TL,2021-11-24 17:21:55,-8.9266,125.4092,62.38,92,65,0.11
85,Jamestown,US,2021-11-24 17:17:31,42.097,-79.2353,42.51,42,1,4.0
86,Bredasdorp,ZA,2021-11-24 17:21:55,-34.5322,20.0403,65.28,67,0,17.43
87,Progreso,MX,2021-11-24 17:21:56,21.2833,-89.6667,81.1,49,0,10.22
88,Clyde River,CA,2021-11-24 17:21:56,70.4692,-68.5914,10.63,85,100,29.93
89,Luderitz,NA,2021-11-24 17:21:57,-26.6481,15.1594,68.45,65,4,20.42
90,Visby,SE,2021-11-24 17:21:57,57.6409,18.296,45.86,93,0,6.91
91,Adeje,ES,2021-11-24 17:21:57,28.1227,-16.726,71.56,74,40,13.8
92,Nanortalik,GL,2021-11-24 17:22:58,60.1432,-45.2371,37.99,96,100,13.98
93,Bardiyah,LY,2021-11-24 17:22:58,31.7561,25.0865,67.96,55,51,6.04
94,Shihezi,CN,2021-11-24 17:22:58,44.3,86.0333,31.8,62,9,1.01
95,Ludvika,SE,2021-11-24 17:22:58,60.1496,15.1878,44.04,92,100,11.16
96,Dikson,RU,2021-11-24 17:22:59,73.5069,80.5464,7.66,88,100,8.05
97,New Norfolk,AU,2021-11-24 17:22:59,-42.7826,147.0587,57.65,63,72,3.0
98,Chifeng,CN,2021-11-24 17:22:59,42.2683,118.9636,25.63,62,11,4.72
99,Baherden,TM,2021-11-24 17:23:00,38.4362,57.4316,60.1,43,29,3.53
100,Odoyev,RU,2021-11-24 17:23:00,53.9393,36.6864,29.05,87,100,19.84
101,Dzhebariki-Khaya,RU,2021-11-24 17:23:00,62.2167,135.8,-25.26,99,90,0.63
102,Hobart,AU,2021-11-24 17:23:01,-42.8794,147.3294,58.01,87,55,0.0
103,Victoria,HK,2021-11-24 17:22:05,22.2855,114.1577,67.24,76,3,3.0
104,Gaozhou,CN,2021-11-24 17:23:01,21.9392,110.8461,60.73,73,45,2.82
105,Mar Del Plata,AR,2021-11-24 17:19:55,-38.0023,-57.5575,91.42,22,0,14.97
106,Hanzhong,CN,2021-11-24 17:23:01,33.0728,107.0303,45.68,72,0,2.17
107,Dingle,PH,2021-11-24 17:23:02,10.9995,122.6711,76.28,93,89,5.95
108,Ponta Do Sol,PT,2021-11-24 17:23:02,32.6667,-17.1,67.12,60,92,10.54
109,Longyearbyen,SJ,2021-11-24 17:23:02,78.2186,15.6401,1.24,60,20,13.8
110,Namibe,AO,2021-11-24 17:23:03,-15.1961,12.1522,72.68,61,1,14.38
111,Kpandu,GH,2021-11-24 17:23:03,6.9954,0.2931,83.97,63,66,1.32
112,Mayumba,GA,2021-11-24 17:23:04,-3.432,10.6554,78.42,84,95,4.43
113,Georgetown,MY,2021-11-24 17:19:14,5.4112,100.3354,84.13,90,40,1.14
114,Nanga Eboko,CM,2021-11-24 17:23:04,4.6833,12.3667,75.96,59,32,2.13
115,Mehamn,NO,2021-11-24 17:23:05,71.0357,27.8492,26.51,80,40,18.41
116,Thompson,CA,2021-11-24 17:23:05,55.7435,-97.8558,-3.84,77,20,13.8
117,Saint Pete Beach,US,2021-11-24 17:23:05,27.7253,-82.7412,72.18,57,1,1.99
118,Ahipara,NZ,2021-11-24 17:23:06,-35.1667,173.1667,57.78,91,51,3.36
119,Cayenne,GF,2021-11-24 17:23:06,4.9333,-52.3333,87.84,80,75,1.01
120,Castro,BR,2021-11-24 17:23:06,-24.7911,-50.0119,83.3,39,86,2.19
121,Luba,GQ,2021-11-24 17:18:09,3.4568,8.5547,81.07,83,88,8.39
122,Xining,CN,2021-11-24 17:23:07,36.6167,101.7667,29.39,34,0,2.06
123,Hermanus,ZA,2021-11-24 17:23:07,-34.4187,19.2345,70.9,61,1,19.66
124,Saint-Pierre,RE,2021-11-24 17:23:07,-21.3393,55.4781,78.48,72,90,12.66
125,Cortez,US,2021-11-24 17:23:07,37.3489,-108.5859,42.57,45,20,11.5
126,Nisia Floresta,BR,2021-11-24 17:18:59,-6.0911,-35.2086,90.41,53,14,13.58
127,Kavieng,PG,2021-11-24 17:23:08,-2.5744,150.7967,82.6,73,77,12.35
128,Mount Isa,AU,2021-11-24 17:23:08,-20.7333,139.5,74.97,69,90,10.36
129,Khatanga,RU,2021-11-24 17:23:09,71.9667,102.5,-11.31,95,79,4.14
130,Saskylakh,RU,2021-11-24 17:23:09,71.9167,114.0833,-13.54,92,74,10.67
131,Ribeira Grande,PT,2021-11-24 17:23:09,38.5167,-28.7,66.6,82,75,20.71
132,Novo Aripuana,BR,2021-11-24 17:23:10,-5.1206,-60.3797,94.32,44,83,3.8
133,Isangel,VU,2021-11-24 17:23:10,-19.55,169.2667,73.67,88,100,12.21
134,Sisimiut,GL,2021-11-24 17:23:10,66.9395,-53.6735,30.2,82,75,27.07
135,Hashtrud,IR,2021-11-24 17:23:10,37.4779,47.0508,43.79,56,84,5.48
136,Kijang,KR,2021-11-24 17:23:11,35.2442,129.2139,49.73,67,1,10.0
137,Ozernovskiy,RU,2021-11-24 17:24:11,51.5,156.5167,36.97,97,100,9.73
138,Fairbanks,US,2021-11-24 17:24:12,64.8378,-147.7164,-9.4,71,1,0.0
139,Fasa,IR,2021-11-24 17:24:12,28.9383,53.6482,51.04,32,0,4.61
140,Eureka,US,2021-11-24 17:24:12,40.8021,-124.1637,46.74,95,54,4.47
141,Chuy,UY,2021-11-24 17:24:13,-33.6971,-53.4616,80.28,30,0,9.26
142,San Juan,AR,2021-11-24 17:24:13,-31.5375,-68.5364,91.22,31,0,6.76
143,Asau,RO,2021-11-24 17:24:14,46.4333,26.4,34.75,86,30,2.1
144,Isabela,PH,2021-11-24 17:24:14,6.7085,121.9711,79.9,82,91,2.46
145,Port Elizabeth,ZA,2021-11-24 17:24:14,-33.918,25.5701,62.89,77,20,9.22
146,Asyut,EG,2021-11-24 17:24:15,27.181,31.1837,69.98,37,29,7.09
147,Yulara,AU,2021-11-24 17:24:15,-25.2406,130.9889,60.64,67,0,8.05
148,Kodiak,US,2021-11-24 17:24:16,57.79,-152.4072,18.91,68,90,18.41
149,San Patricio,US,2021-11-24 17:23:20,28.017,-97.5169,82.49,65,99,16.64
150,Cidreira,BR,2021-11-24 17:23:12,-30.1811,-50.2056,71.51,58,0,14.2
151,Ambilobe,MG,2021-11-24 17:24:16,-13.2,49.05,79.48,74,74,1.88
152,La Ronge,CA,2021-11-24 17:24:16,55.1001,-105.2842,-7.35,59,20,3.44
153,Santa Catarina De Tepehuanes,MX,2021-11-24 17:24:17,25.35,-105.7333,62.71,27,100,11.34
154,Sola,VU,2021-11-24 17:24:17,-13.8833,167.55,81.34,72,100,21.32
155,Pisco,PE,2021-11-24 17:22:03,-13.7,-76.2167,69.03,77,0,9.22
156,Sivaki,RU,2021-11-24 17:24:18,52.6333,126.75,16.54,73,94,7.96
157,Laguna,US,2021-11-24 17:20:00,38.421,-121.4238,60.21,59,1,1.01
158,Upernavik,GL,2021-11-24 17:24:18,72.7868,-56.1549,24.91,81,100,13.2
159,Tyret Pervaya,RU,2021-11-24 17:24:18,53.6703,102.3106,20.03,91,99,7.45
160,Makakilo City,US,2021-11-24 17:24:19,21.3469,-158.0858,73.29,82,1,4.61
161,Acari,PE,2021-11-24 17:24:19,-15.4311,-74.6158,75.04,58,100,8.5
162,Lusambo,CD,2021-11-24 17:24:20,-4.9667,23.45,70.5,97,97,3.22
163,Nikolskoye,RU,2021-11-24 17:24:20,59.7035,30.7861,34.88,71,90,11.3
164,Mahebourg,MU,2021-11-24 17:24:20,-20.4081,57.7,77.25,83,20,5.75
165,Norman Wells,CA,2021-11-24 17:24:21,65.282,-126.8329,-29.16,68,20,3.44
166,Geraldton,AU,2021-11-24 17:24:21,-28.7667,114.6,59.41,72,0,6.91
167,Marawi,PH,2021-11-24 17:24:21,7.9986,124.2928,68.65,92,99,0.96
168,General Jose Eduvigis Diaz,PY,2021-11-24 17:24:13,-27.1667,-58.4167,100.06,36,62,9.22
169,Awjilah,LY,2021-11-24 17:24:21,29.1081,21.2869,72.93,30,82,7.25
170,Lata,PT,2021-11-24 17:24:22,40.1629,-8.3327,54.07,74,5,5.3
171,Cockburn Town,TC,2021-11-24 17:24:22,21.4612,-71.1419,80.02,67,74,18.43
172,Solnechnyy,RU,2021-11-24 17:24:22,50.7214,136.6319,19.02,93,100,6.91
173,Waiouru,NZ,2021-11-24 17:24:23,-39.4833,175.6667,42.39,78,6,3.11
174,Bay Roberts,CA,2021-11-24 17:24:23,47.5999,-53.2648,48.51,94,100,17.25
175,Tuatapere,NZ,2021-11-24 17:24:23,-46.1333,167.6833,47.32,81,93,4.63
176,San Cristobal,VE,2021-11-24 17:24:24,7.7669,-72.225,75.38,81,86,3.87
177,Leningradskiy,RU,2021-11-24 17:24:24,69.3833,178.4167,-13.47,92,100,3.71
178,Hofn,IS,2021-11-24 17:24:25,64.2539,-15.2082,30.22,47,40,23.02
179,Litovko,RU,2021-11-24 17:24:25,49.2361,135.1742,11.84,96,99,4.72
180,Acapulco,MX,2021-11-24 17:24:25,16.8634,-99.8901,85.82,70,40,0.0
181,Viedma,AR,2021-11-24 17:24:26,-40.8135,-62.9967,83.28,27,16,12.3
182,Saint-Francois,FR,2021-11-24 17:25:26,46.4154,3.9054,38.68,85,62,4.61
183,Walvis Bay,NA,2021-11-24 17:25:27,-22.9575,14.5053,62.1,82,90,9.22
184,Antofagasta,CL,2021-11-24 17:25:27,-23.65,-70.4,70.21,52,24,9.98
185,Petropavlovsk-Kamchatskiy,RU,2021-11-24 17:25:27,53.0452,158.6483,37.99,65,75,6.71
186,Coihaique,CL,2021-11-24 17:25:28,-45.5752,-72.0662,64.04,59,83,11.95
187,Beringovskiy,RU,2021-11-24 17:25:28,63.05,179.3167,-4.99,84,100,5.7
188,Sala Consilina,IT,2021-11-24 17:25:29,40.3912,15.5989,51.39,93,100,4.7
189,Egvekinot,RU,2021-11-24 17:25:29,66.3167,-179.1667,-4.52,73,100,5.59
190,Karlstad,SE,2021-11-24 17:25:30,59.3793,13.5036,45.16,81,40,10.36
191,Batagay,RU,2021-11-24 17:25:30,67.6333,134.6333,-38.72,99,35,1.88
192,Bandarbeyla,SO,2021-11-24 17:25:18,9.4942,50.8122,81.19,75,87,19.51
193,Umm Lajj,SA,2021-11-24 17:25:31,25.0213,37.2685,78.76,54,7,9.1
194,Puerto Suarez,BO,2021-11-24 17:25:31,-18.95,-57.8,88.36,62,40,8.05
195,Athni,IN,2021-11-24 17:25:32,16.7333,75.0667,76.66,71,100,9.13
196,Pitimbu,BR,2021-11-24 17:21:32,-7.4706,-34.8086,88.39,66,20,10.94
197,Coromandel,BR,2021-11-24 17:25:32,-18.4733,-47.2003,88.03,32,69,5.57
198,Zyryanka,RU,2021-11-24 17:25:32,65.75,150.85,-14.15,99,100,2.3
199,Soyo,AO,2021-11-24 17:25:32,-6.1349,12.3689,79.34,78,90,10.16
200,Ancud,CL,2021-11-24 17:21:54,-41.8697,-73.8203,66.42,88,91,10.16
201,San Vicente,AR,2021-11-24 17:25:33,-26.6167,-54.1333,92.82,26,73,3.22
202,Vila Velha,BR,2021-11-24 17:24:39,-20.3297,-40.2925,78.94,82,20,5.99
203,Gbongan,NG,2021-11-24 17:25:33,7.4667,4.35,85.12,52,99,1.61
204,Odweyne,SO,2021-11-24 17:25:34,9.4092,45.064,71.02,45,40,12.82
205,Torbay,CA,2021-11-24 17:25:34,47.6666,-52.7314,47.75,98,90,18.41
206,Erdemli,TR,2021-11-24 17:25:34,36.605,34.3084,62.02,85,38,6.82
207,Poum,NC,2021-11-24 17:21:19,-20.2333,164.0167,76.73,77,24,11.56
208,General Pico,AR,2021-11-24 17:25:35,-35.6566,-63.7568,98.58,20,61,16.28
209,Rawson,AR,2021-11-24 17:25:35,-43.3002,-65.1023,79.16,33,1,8.59
210,Kinablangan,PH,2021-11-24 17:25:35,7.6947,126.5503,77.74,87,100,4.83
211,Altamirano,MX,2021-11-24 17:25:36,16.8833,-92.15,66.74,39,4,3.98
212,Ilhabela,BR,2021-11-24 17:25:36,-23.7781,-45.3581,77.54,71,40,5.77
213,Catia La Mar,VE,2021-11-24 17:25:36,10.6038,-67.0303,88.0,66,40,5.75
214,Zharkent,KZ,2021-11-24 17:25:37,44.1628,80.0,38.12,54,60,1.9
215,Panaba,MX,2021-11-24 17:25:37,21.2833,-88.2667,81.32,44,0,8.75
216,Port Augusta,AU,2021-11-24 17:25:37,-32.5,137.7667,67.71,92,100,12.68
217,Lingao,CN,2021-11-24 17:25:38,19.9103,109.6859,66.36,75,26,5.99
218,Paamiut,GL,2021-11-24 17:25:38,61.994,-49.6678,34.43,98,100,32.73
219,Morehead,US,2021-11-24 17:25:38,37.2711,-87.1764,55.15,41,1,4.0
220,Lebu,CL,2021-11-24 17:25:39,-37.6167,-73.65,60.44,75,97,10.04
221,Sao Filipe,CV,2021-11-24 17:25:39,14.8961,-24.4956,79.66,67,32,2.77
222,Cooma,AU,2021-11-24 17:25:39,-36.2333,149.1333,58.77,100,90,6.91
223,Kaeo,NZ,2021-11-24 17:25:39,-35.1,173.7833,61.32,95,72,3.02
224,Zhezkazgan,KZ,2021-11-24 17:25:40,47.8043,67.7144,35.8,77,100,9.73
225,Xuanzhou,CN,2021-11-24 17:25:40,30.9525,118.7553,46.51,57,3,4.56
226,Qasigiannguit,GL,2021-11-24 17:25:40,68.8193,-51.1922,30.45,94,100,4.23
227,Biak,ID,2021-11-24 17:25:41,-0.9131,122.8766,76.8,84,90,1.57
228,Yevlax,AZ,2021-11-24 17:25:41,40.6089,47.1492,61.02,48,90,15.75
229,Mapiripan,CO,2021-11-24 17:26:41,2.8892,-72.1256,77.81,88,100,1.97
230,Lazaro Cardenas,MX,2021-11-24 17:26:42,17.9583,-102.2,83.44,66,8,3.09
231,Nanhai,CN,2021-11-24 17:26:42,30.1282,111.7784,52.97,63,14,3.89
232,Fortuna,US,2021-11-24 17:25:22,40.5982,-124.1573,46.47,71,53,1.99
233,Jurm,AF,2021-11-24 17:26:42,36.8648,70.8342,43.79,77,100,5.97
234,Baiquan,CN,2021-11-24 17:26:43,47.5833,126.0833,11.23,93,95,8.68
235,Yabrud,SY,2021-11-24 17:26:43,33.9674,36.6574,47.52,63,53,0.63
236,Chokurdakh,RU,2021-11-24 17:26:43,70.6333,147.9167,-12.6,98,100,5.26
237,Asamankese,GH,2021-11-24 17:26:44,5.8601,-0.6635,83.3,71,23,8.32
238,Kondinskoye,RU,2021-11-24 17:26:44,59.6481,67.41,5.99,96,55,8.66
239,Lianran,CN,2021-11-24 17:26:45,24.9227,102.485,43.34,95,28,1.74
240,Sao Joao Da Barra,BR,2021-11-24 17:26:45,-21.6403,-41.0511,82.49,64,71,10.63
241,Vanimo,PG,2021-11-24 17:26:45,-2.6741,141.3028,76.64,89,99,6.13
242,Batavia,US,2021-11-24 17:26:46,41.85,-88.3126,47.88,60,1,5.01
243,Labuhan,ID,2021-11-24 17:26:46,-6.8844,112.2051,80.29,81,100,8.19
244,Komsomolskiy,UZ,2021-11-24 17:22:00,40.4272,71.7189,44.02,52,60,6.91
245,Roma,US,2021-11-24 17:24:03,43.2128,-75.4557,42.66,64,1,0.0
246,Port Lincoln,AU,2021-11-24 17:26:46,-34.7333,135.8667,60.13,87,9,16.98
247,Greymouth,NZ,2021-11-24 17:26:46,-42.4667,171.2,49.68,92,100,3.6
248,Half Moon Bay,US,2021-11-24 17:26:47,37.4636,-122.4286,60.8,44,1,10.36
249,Amravati,IN,2021-11-24 17:26:47,20.9333,77.75,74.73,54,12,4.79
250,Caravelas,BR,2021-11-24 17:26:47,-17.7125,-39.2481,82.02,64,64,8.77
251,Bengkulu,ID,2021-11-24 17:26:48,-3.8004,102.2655,75.81,79,94,4.5
252,Carnarvon,AU,2021-11-24 17:26:48,-24.8667,113.6333,71.67,73,0,8.05
253,Togur,RU,2021-11-24 17:26:48,58.3631,82.8265,17.15,92,100,10.94
254,Gondanglegi,ID,2021-11-24 17:26:49,-7.7479,112.0132,76.62,90,100,4.65
255,Nosy Varika,MG,2021-11-24 17:26:49,-20.5833,48.5333,74.57,84,100,8.99
256,Anapskaya,RU,2021-11-24 17:26:49,44.89,37.38,26.83,93,20,2.24
257,Kelvington,CA,2021-11-24 17:26:50,52.1667,-103.5343,2.86,91,35,4.83
258,Sistranda,NO,2021-11-24 17:26:50,63.7256,8.834,42.91,63,50,16.75
259,Morondava,MG,2021-11-24 17:26:50,-20.2833,44.2833,80.62,79,21,9.8
260,Deputatskiy,RU,2021-11-24 17:26:51,69.3,139.9,-30.05,99,56,5.86
261,Perth,AU,2021-11-24 17:26:51,-31.9333,115.8333,70.09,55,0,20.71
262,Carnot,CF,2021-11-24 17:26:51,4.9409,15.8665,79.59,44,61,4.12
263,Atyrau,KZ,2021-11-24 17:26:52,47.1167,51.8833,21.22,86,72,11.18
264,Port-Gentil,GA,2021-11-24 17:26:52,-0.7193,8.7815,82.36,78,40,13.8
265,Kolpashevo,RU,2021-11-24 17:26:53,58.3131,82.9089,17.15,92,100,11.01
266,Poronaysk,RU,2021-11-24 17:26:53,49.2167,143.1167,27.61,76,58,5.53
267,Pinega,RU,2021-11-24 17:26:53,64.7001,43.3936,19.35,95,100,1.68
268,Doha,QA,2021-11-24 17:26:54,25.2867,51.5333,75.18,57,0,10.36
269,Plettenberg Bay,ZA,2021-11-24 17:26:54,-34.0527,23.3716,60.89,75,74,14.32
270,Vardo,NO,2021-11-24 17:26:54,70.3705,31.1107,24.55,86,0,17.27
271,Hambantota,LK,2021-11-24 17:26:54,6.1241,81.1185,78.96,84,100,2.77
272,Smithers,CA,2021-11-24 17:26:55,54.7804,-127.1743,30.52,86,90,9.22
273,Broome,US,2021-11-24 17:26:55,42.2506,-75.833,42.62,64,1,3.0
274,Portland,US,2021-11-24 17:23:50,45.5234,-122.6762,43.39,94,90,3.0
275,Bousso,TD,2021-11-24 17:26:06,10.4795,16.7117,87.33,14,31,5.35
276,Am Timan,TD,2021-11-24 17:27:56,11.0297,20.2827,83.48,17,62,3.4
277,University Park,US,2021-11-24 17:27:56,25.7465,-80.3676,76.01,56,40,5.99
278,Tautira,PF,2021-11-24 17:27:56,-17.7333,-149.15,80.62,79,45,7.67
279,Abu Kamal,SY,2021-11-24 17:27:57,34.4506,40.9171,63.93,43,65,7.23
280,Khani,GE,2021-11-24 17:27:57,41.9563,42.9566,38.77,96,100,2.51
281,Saint-Augustin,CA,2021-11-24 17:27:57,51.226,-58.6502,44.92,98,100,14.54
282,Novoagansk,RU,2021-11-24 17:27:57,61.9449,76.6625,1.78,98,100,7.05
283,Cancun,MX,2021-11-24 17:25:06,21.1743,-86.8466,78.73,57,40,10.36
284,Rocha,UY,2021-11-24 17:24:26,-34.4833,-54.3333,85.23,25,0,11.68
285,Kruisfontein,ZA,2021-11-24 17:27:58,-34.0033,24.7314,58.89,75,85,11.34
286,Kologriv,RU,2021-11-24 17:27:58,58.8275,44.3178,22.19,94,100,10.65
287,Asilah,MA,2021-11-24 17:27:59,35.465,-6.0348,60.76,74,35,8.55
288,Najran,SA,2021-11-24 17:27:59,17.4924,44.1277,66.85,26,12,6.22
289,Traverse City,US,2021-11-24 17:27:59,44.7631,-85.6206,48.61,68,90,12.66
290,Sakakah,SA,2021-11-24 17:28:00,29.9697,40.2064,67.57,39,21,13.06
291,Galesong,ID,2021-11-24 17:28:00,-5.3166,119.3661,75.22,75,99,0.83
292,Kaitangata,NZ,2021-11-24 17:28:00,-46.2817,169.8464,46.33,83,98,3.74
293,Shasta Lake,US,2021-11-24 17:28:01,40.6804,-122.3708,54.32,39,11,7.36
294,High Level,CA,2021-11-24 17:28:01,58.5169,-117.136,-11.09,84,75,2.3
295,Faya,SA,2021-11-24 17:28:01,18.3851,42.4509,62.71,43,8,1.48
296,Kulhudhuffushi,MV,2021-11-24 17:28:01,6.6221,73.07,77.02,87,100,11.16
297,Hamilton,US,2021-11-24 17:28:02,39.1834,-84.5333,51.94,45,1,4.0
298,Shimoda,JP,2021-11-24 17:28:02,34.6667,138.95,48.31,70,0,26.04
299,Beernem,BE,2021-11-24 17:28:02,51.1515,3.342,45.93,89,8,2.06
300,Hay River,CA,2021-11-24 17:26:31,60.8156,-115.7999,-11.22,77,20,4.61
301,Narsaq,GL,2021-11-24 17:28:03,60.9167,-46.05,32.22,99,100,8.66
302,Sampit,ID,2021-11-24 17:28:03,-2.5333,112.95,74.26,97,100,1.59
303,Rorvik,NO,2021-11-24 17:28:04,64.8621,11.2373,33.78,77,76,18.86
304,Nata,PA,2021-11-24 17:28:04,8.3333,-80.5167,84.07,62,94,4.52
305,Maragogi,BR,2021-11-24 17:28:04,-9.0122,-35.2225,85.23,61,5,12.5
306,Maxixe,MZ,2021-11-24 17:28:05,-23.8597,35.3472,75.02,69,40,9.22
307,Kawardha,IN,2021-11-24 17:28:05,22.0167,81.25,67.5,55,1,4.29
308,Grindavik,IS,2021-11-24 17:28:06,63.8424,-22.4338,30.67,74,90,3.44
309,Nantucket,US,2021-11-24 17:23:38,41.2835,-70.0995,43.97,51,1,19.57
310,Mirabad,AF,2021-11-24 17:28:06,30.4362,61.8383,63.68,29,0,2.73
311,Husavik,IS,2021-11-24 17:28:07,66.0449,-17.3389,24.71,76,100,7.31
312,Strezhevoy,RU,2021-11-24 17:28:07,60.7333,77.5889,-2.22,98,100,5.01
313,Honiara,SB,2021-11-24 17:28:07,-9.4333,159.95,77.16,87,20,6.51
314,Terra Nova,BR,2021-11-24 17:28:08,-12.3667,-40.6667,80.83,65,89,5.53
315,Basoko,CD,2021-11-24 17:28:08,1.2391,23.616,79.63,68,53,1.45
316,Teguldet,RU,2021-11-24 17:28:08,57.3064,88.1667,19.17,91,100,9.84
317,Berlin,DE,2021-11-24 17:25:45,52.5244,13.4105,46.36,90,75,5.99
318,Antalaha,MG,2021-11-24 17:28:09,-14.9003,50.2788,75.15,79,5,6.04
319,General Roca,AR,2021-11-24 17:28:09,-39.0333,-67.5833,90.0,15,33,6.93
320,Rio Gallegos,AR,2021-11-24 17:28:09,-51.6226,-69.2181,60.85,25,40,18.41
321,Port Macquarie,AU,2021-11-24 17:29:09,-31.4333,152.9167,69.89,100,90,9.22
322,Tocopilla,CL,2021-11-24 17:29:10,-22.092,-70.1979,68.45,66,79,9.24
323,Saldanha,ZA,2021-11-24 17:29:10,-33.0117,17.9442,64.8,71,1,25.72
324,Svetlyy,RU,2021-11-24 17:29:11,54.675,20.1347,44.65,88,100,14.47
325,The Pas,CA,2021-11-24 17:29:11,53.8251,-101.2541,-2.18,78,90,11.5
326,Tromso,NO,2021-11-24 17:29:11,69.6496,18.957,24.82,86,40,5.75
327,Codrington,AU,2021-11-24 17:29:11,-38.2667,141.9667,55.49,95,26,7.65
328,Mahajanga,MG,2021-11-24 17:29:12,-15.7167,46.3167,80.62,83,20,10.36
329,Havelock,US,2021-11-24 17:29:12,34.8791,-76.9013,50.05,42,1,3.0
330,Esmeraldas,BR,2021-11-24 17:29:13,-19.7625,-44.3139,89.91,40,76,3.47
331,Coquimbo,CL,2021-11-24 17:29:13,-29.9533,-71.3436,63.43,64,49,7.05
332,Severo-Yeniseyskiy,RU,2021-11-24 17:29:13,60.3725,93.0408,15.71,91,99,7.7
333,Seybaplaya,MX,2021-11-24 17:29:14,19.65,-90.6667,80.06,54,4,4.38
334,Awbari,LY,2021-11-24 17:29:14,26.5921,12.7805,76.19,24,65,7.2
335,Alice Springs,AU,2021-11-24 17:29:14,-23.7,133.8833,60.35,82,0,6.91
336,Winkler,CA,2021-11-24 17:29:15,49.1817,-97.941,14.72,79,100,10.36
337,Lompoc,US,2021-11-24 17:25:02,34.6391,-120.4579,70.12,64,1,7.0
338,Chumikan,RU,2021-11-24 17:29:15,54.7183,135.315,19.99,93,100,7.29
339,Verkhoyansk,RU,2021-11-24 17:29:15,67.5447,133.385,-40.74,100,46,0.07
340,Chalmette,US,2021-11-24 17:29:15,29.9427,-89.9634,71.06,61,1,1.99
341,Aklavik,CA,2021-11-24 17:29:16,68.2191,-135.0107,-18.4,76,75,5.75
342,Eirunepe,BR,2021-11-24 17:29:16,-6.6603,-69.8736,72.64,98,100,2.13
343,Jerez,GT,2021-11-24 17:29:17,14.1,-89.75,81.05,36,0,0.0
344,Eldorado,BR,2021-11-24 17:29:17,-23.7869,-54.2836,92.08,29,96,8.46
345,Kununurra,AU,2021-11-24 17:29:17,-15.7667,128.7333,84.18,65,40,9.22
346,Igarka,RU,2021-11-24 17:29:18,67.4667,86.5833,9.36,96,99,8.19
347,Camocim,BR,2021-11-24 17:29:18,-2.9022,-40.8411,90.73,54,56,18.88
348,Port Hedland,AU,2021-11-24 17:29:18,-20.3167,118.5667,78.85,57,100,5.75
349,Puri,IN,2021-11-24 17:29:19,19.8,85.85,80.38,78,52,9.57
350,Le Creusot,FR,2021-11-24 17:29:19,46.8071,4.4163,37.74,92,24,2.95
351,Inirida,CO,2021-11-24 17:29:19,3.8653,-67.9239,83.37,72,96,4.0
352,Souillac,MU,2021-11-24 17:29:20,-20.5167,57.5167,77.36,83,20,5.75
353,Margate,GB,2021-11-24 17:29:20,51.3813,1.3862,45.03,84,59,6.51
354,Biltine,TD,2021-11-24 17:26:06,14.5333,20.9167,81.32,11,1,10.36
355,Bam,IR,2021-11-24 17:29:20,29.106,58.357,61.74,49,0,1.9
356,Pevek,RU,2021-11-24 17:29:21,69.7008,170.3133,-24.11,99,85,3.6
357,Baghdad,IQ,2021-11-24 17:29:21,33.3406,44.4009,58.91,58,0,2.3
358,Santa Rosa,PH,2021-11-24 17:29:21,14.3122,121.1114,82.38,74,100,10.69
359,Salto,UY,2021-11-24 17:28:21,-31.3833,-57.9667,91.56,33,0,13.8
360,Santa Fe,AR,2021-11-24 17:29:22,-31.6333,-60.7,94.01,28,0,7.0
361,Jafarpur,IN,2021-11-24 17:29:22,22.3208,88.2306,73.38,51,0,6.4
362,Te Anau,NZ,2021-11-24 17:29:22,-45.4167,167.7167,45.5,86,99,1.63
363,Lasa,IT,2021-11-24 17:29:23,46.6166,10.7002,41.88,76,1,1.86
364,Grodkow,PL,2021-11-24 17:29:23,50.6984,17.3845,42.4,83,40,2.75
365,Meadow Lake,US,2021-11-24 17:29:24,34.8014,-106.5436,54.37,65,99,6.58
366,Sabang,ID,2021-11-24 17:30:24,5.8933,95.3214,77.45,86,100,17.36
367,Kushima,JP,2021-11-24 17:30:25,31.4583,131.2333,49.12,78,14,4.52
368,Imbituba,BR,2021-11-24 17:30:25,-28.24,-48.6703,73.29,62,32,11.1
369,Roald,NO,2021-11-24 17:30:26,62.5833,6.1333,42.17,93,75,8.05
370,Kurganinsk,RU,2021-11-24 17:30:26,44.88,40.5986,32.14,86,7,4.74
371,Camalu,MX,2021-11-24 17:30:27,30.85,-116.0667,64.09,61,100,2.17
372,La Crosse,US,2021-11-24 17:30:27,43.8014,-91.2396,53.13,61,1,5.01
373,Canico,PT,2021-11-24 17:30:28,32.6333,-16.85,67.28,76,40,11.5
374,Monte Patria,CL,2021-11-24 17:30:28,-30.6919,-70.9467,79.75,26,4,9.62
375,Mana,GF,2021-11-24 17:30:28,5.6592,-53.7767,84.63,69,74,9.15
376,Westport,US,2021-11-24 17:30:29,41.1415,-73.3579,44.28,35,1,5.01
377,Naklo Nad Notecia,PL,2021-11-24 17:30:29,53.1421,17.6018,45.45,83,100,7.58
378,Chama,CH,2021-11-24 17:30:30,47.1821,8.4636,41.61,85,90,2.3
379,Wagga Wagga,AU,2021-11-24 17:30:30,-35.1167,147.3667,66.61,100,75,6.91
380,Cordoba,AR,2021-11-24 17:30:27,-31.4135,-64.1811,92.75,35,0,11.01
381,Severo-Kurilsk,RU,2021-11-24 17:30:30,50.6789,156.125,37.42,98,100,13.85
382,Padang,ID,2021-11-24 17:30:31,-0.9492,100.3543,77.05,74,98,2.75
383,Berlevag,NO,2021-11-24 17:30:31,70.8578,29.0864,26.55,86,75,9.22
384,Lethem,GY,2021-11-24 17:30:32,3.3803,-59.7968,95.07,36,57,4.99
385,Rio Brilhante,BR,2021-11-24 17:27:28,-21.8019,-54.5464,95.31,35,97,2.75
386,Olafsvik,IS,2021-11-24 17:30:32,64.8945,-23.7142,33.37,66,100,13.06
387,Lembeni,TZ,2021-11-24 17:30:33,-3.7833,37.6167,75.78,64,57,8.99
388,Bambous Virieux,MU,2021-11-24 17:30:33,-20.3428,57.7575,77.22,83,20,5.75
389,Gamba,GA,2021-11-24 17:30:33,-2.65,10.0,77.52,87,92,3.83
390,Rognan,NO,2021-11-24 17:30:33,67.0953,15.3878,27.88,77,100,7.49
391,Topolobampo,MX,2021-11-24 17:30:34,25.6,-109.05,77.05,57,75,5.75
392,Samarai,PG,2021-11-24 17:30:34,-10.6167,150.6667,82.83,78,60,13.53
393,Raton,US,2021-11-24 17:30:34,36.9034,-104.4391,50.61,30,20,3.44
394,Bilma,NE,2021-11-24 17:30:35,18.6853,12.9164,81.54,16,16,6.76
395,San Ramon De La Nueva Oran,AR,2021-11-24 17:26:57,-23.1322,-64.326,85.42,59,100,3.22
396,Mayo,US,2021-11-24 17:30:36,38.8876,-76.5119,48.52,41,1,3.0
397,San Quintin,MX,2021-11-24 17:30:36,30.4833,-115.95,64.51,67,98,1.86
398,Semporna,MY,2021-11-24 17:30:37,4.4818,118.6112,77.2,84,93,6.38
399,Borogontsy,RU,2021-11-24 17:30:37,62.6683,131.1683,-20.29,99,100,1.34
400,Xam Nua,LA,2021-11-24 17:30:37,20.4197,104.0439,50.27,96,28,1.95
401,Avera,US,2021-11-24 17:30:37,33.194,-82.5271,56.71,21,0,6.44
402,Springbok,ZA,2021-11-24 17:30:38,-29.6643,17.8865,69.98,32,97,8.95
403,Houma,US,2021-11-24 17:30:38,29.5958,-90.7195,72.0,64,1,14.97
404,Inongo,CD,2021-11-24 17:30:38,-1.95,18.2667,72.81,90,98,2.89
405,Kurilsk,RU,2021-11-24 17:30:39,45.2333,147.8833,36.68,61,92,18.86
406,Ilulissat,GL,2021-11-24 17:30:39,69.2167,-51.1,30.22,93,75,9.22
407,Iqaluit,CA,2021-11-24 17:30:40,63.7506,-68.5145,24.53,62,75,17.0
408,Anadyr,RU,2021-11-24 17:30:40,64.75,177.4833,-14.01,75,0,11.01
409,Shelburne,CA,2021-11-24 17:30:41,44.0787,-80.2041,43.75,79,98,16.96
410,Talcahuano,CL,2021-11-24 17:30:29,-36.7167,-73.1167,57.45,83,56,8.99
411,Casper,US,2021-11-24 17:28:01,42.8666,-106.3131,29.71,83,90,1.99
412,Santa Cruz,BO,2021-11-24 17:31:41,-17.8,-63.1667,80.65,74,75,5.75
413,Ojinaga,MX,2021-11-24 17:31:41,29.5667,-104.4167,76.57,37,1,3.44
414,Vao,NC,2021-11-24 17:31:42,-22.6667,167.4833,74.64,78,100,7.16
415,Mildura,AU,2021-11-24 17:31:42,-34.2,142.15,69.76,88,90,8.05
416,Killorglin,IE,2021-11-24 17:31:43,52.1,-9.7833,42.78,75,75,9.22
417,Yecla,ES,2021-11-24 17:31:43,38.6137,-1.1147,48.2,68,71,18.21
418,Praia Da Vitoria,PT,2021-11-24 17:31:44,38.7333,-27.0667,66.45,77,75,28.12
419,Kutum,SD,2021-11-24 17:31:44,14.2,24.6667,68.36,13,1,8.99
420,Iralaya,HN,2021-11-24 17:30:20,15.0,-83.2333,82.49,83,75,11.5
421,Camden,US,2021-11-24 17:31:44,39.7835,-74.9663,46.49,50,3,1.01
422,Sault Sainte Marie,CA,2021-11-24 17:31:45,46.5168,-84.3333,43.9,67,1,6.91
423,Ballinasloe,IE,2021-11-24 17:31:45,53.3275,-8.2194,39.7,92,63,6.85
424,Wake Forest,US,2021-11-24 17:31:46,35.9799,-78.5097,50.45,37,1,1.99
425,Noumea,NC,2021-11-24 17:30:15,-22.2763,166.4572,77.0,99,100,5.79
426,Hami,CN,2021-11-24 17:27:13,42.8,93.45,26.85,65,26,3.15
427,Oksfjord,NO,2021-11-24 17:31:46,70.2396,22.3479,18.52,71,22,6.22
428,Klaksvik,FO,2021-11-24 17:31:47,62.2266,-6.589,38.32,79,100,49.06
429,Leshukonskoye,RU,2021-11-24 17:31:48,64.8989,45.7622,14.18,95,100,3.18
430,Urengoy,RU,2021-11-24 17:31:48,65.9667,78.3667,6.24,95,100,10.58
431,Helong,CN,2021-11-24 17:31:48,42.5397,128.9972,16.72,62,4,8.9
432,Haverfordwest,GB,2021-11-24 17:31:49,51.8017,-4.9691,46.35,93,99,4.0
433,Kilindoni,TZ,2021-11-24 17:31:49,-7.9139,39.6668,80.42,80,9,14.63
434,Broken Hill,AU,2021-11-24 17:31:49,-31.95,141.4333,67.71,94,90,6.91
435,Vila,PT,2021-11-24 17:31:50,42.0304,-8.1588,44.33,78,100,5.41
436,Galle,LK,2021-11-24 17:30:11,6.0367,80.217,76.41,90,99,4.27
437,Trelew,AR,2021-11-24 17:31:51,-43.249,-65.3051,88.72,18,1,20.71
438,Adrar,MR,2021-11-24 17:31:51,20.5022,-10.0711,83.23,24,83,5.44
439,Tipuani,BO,2021-11-24 17:31:51,-15.5648,-68.0185,77.85,77,100,2.77
440,Chingola,ZM,2021-11-24 17:31:51,-12.529,27.8838,64.74,94,94,5.57
441,Cabo San Lucas,MX,2021-11-24 17:27:46,22.8909,-109.9124,81.52,58,20,1.99
442,Ziyang,CN,2021-11-24 17:31:52,29.2497,117.8547,41.85,75,54,1.39
443,Graaff-Reinet,ZA,2021-11-24 17:31:52,-32.2522,24.5308,56.91,76,65,14.0
444,Ila,NO,2021-11-24 17:31:52,63.4305,10.3705,42.96,90,100,1.01
445,Selikhino,RU,2021-11-24 17:31:53,50.3672,137.4996,14.79,95,100,1.32
446,Richards Bay,ZA,2021-11-24 17:31:54,-28.783,32.0377,67.06,64,99,12.97
447,Namangan,UZ,2021-11-24 17:31:54,40.9983,71.6726,45.05,45,65,6.91
448,Jacareacanga,BR,2021-11-24 17:31:55,-6.2222,-57.7528,97.11,49,40,4.61
449,Pandan,PH,2021-11-24 17:31:55,14.0453,124.1694,79.75,88,100,11.72
450,Magadan,RU,2021-11-24 17:31:55,59.5667,150.8,17.91,70,12,13.44
451,Terrasini,IT,2021-11-24 17:31:56,38.146,13.0844,62.22,77,0,5.75
452,Zaqatala,AZ,2021-11-24 17:31:56,41.6336,46.6433,54.07,50,90,6.91
453,Rio Grande,BR,2021-11-24 17:31:57,-32.035,-52.0986,80.71,49,0,11.56
454,Khajuraho,IN,2021-11-24 17:32:57,24.85,79.9333,63.05,33,2,3.06
455,Capreol,CA,2021-11-24 17:32:30,46.706,-80.9225,41.92,80,90,8.01
456,Eilenburg,DE,2021-11-24 17:32:58,51.4598,12.6334,43.99,89,57,5.59
457,Anchorage,US,2021-11-24 17:30:31,61.2181,-149.9003,16.68,79,90,1.01
458,Itarema,BR,2021-11-24 17:32:58,-2.9248,-39.9167,87.06,60,65,16.42
459,Santa Rita,BR,2021-11-24 17:32:58,-7.1139,-34.9781,88.47,58,40,12.66
460,Whitley Bay,GB,2021-11-24 17:29:04,55.0397,-1.4471,46.27,82,20,9.22
461,Lamu,KE,2021-11-24 17:32:59,-2.2717,40.902,82.62,85,98,12.5
462,Skibbereen,IE,2021-11-24 17:32:59,51.55,-9.2667,40.8,78,75,12.75
463,Dalianwan,CN,2021-11-24 17:33:00,39.0286,121.695,46.72,93,0,0.0
464,Kavaratti,IN,2021-11-24 17:33:00,10.5669,72.642,81.57,81,95,9.1
465,Mogadishu,SO,2021-11-24 17:28:30,2.0371,45.3438,80.94,75,6,13.38
466,Las Vegas,US,2021-11-24 17:30:43,36.175,-115.1372,59.11,20,1,19.57
467,Lagoa,PT,2021-11-24 17:33:00,39.05,-27.9833,63.48,80,97,35.43
468,Taoudenni,ML,2021-11-24 17:33:01,22.6783,-3.9836,85.19,26,35,7.43
469,Srednekolymsk,RU,2021-11-24 17:33:02,67.45,153.6833,-13.63,99,100,5.03
470,Owando,CG,2021-11-24 17:33:02,-0.4819,15.8999,72.84,92,99,2.93
471,Kirksville,US,2021-11-24 17:33:03,40.1948,-92.5833,57.11,54,1,4.0
472,Halvad,IN,2021-11-24 17:33:03,23.0167,71.1833,73.81,43,1,3.33
473,Alofi,NU,2021-11-24 17:33:04,-19.0595,-169.9187,67.89,94,60,0.0
474,Praya,CV,2021-11-24 17:33:04,14.9215,-23.5087,84.74,51,0,9.22
475,Bathsheba,BB,2021-11-24 17:33:04,13.2167,-59.5167,88.41,66,40,13.8
476,San-Pedro,CI,2021-11-24 17:33:05,4.7485,-6.6363,80.38,80,26,5.23
477,Ngong,KE,2021-11-24 17:33:05,-1.3618,36.6566,71.89,50,75,11.5
478,Nargana,PA,2021-11-24 17:33:06,9.4428,-78.5906,81.72,71,82,5.35
479,Shenjiamen,CN,2021-11-24 17:33:06,29.9576,122.298,52.97,63,0,9.4
480,Hagere Hiywet,ET,2021-11-24 17:33:06,8.9833,37.85,63.43,49,79,3.2
481,Sao Luis Do Quitunde,BR,2021-11-24 17:33:07,-9.3183,-35.5611,90.84,57,6,12.8
482,Ibra,OM,2021-11-24 17:33:07,22.6906,58.5334,73.49,23,44,4.0
483,Zhigansk,RU,2021-11-24 17:33:08,66.7697,123.3711,-28.79,99,89,3.83
484,Steinbach,DE,2021-11-24 17:33:08,50.1667,8.5667,40.78,73,20,5.75
485,La Palma,US,2021-11-24 17:33:09,33.8464,-118.0467,69.66,68,1,1.01
486,Barra Do Garcas,BR,2021-11-24 17:33:10,-15.89,-52.2567,93.78,52,40,3.44
487,Charlottesville,US,2021-11-24 17:30:07,38.0293,-78.4767,50.59,35,1,1.01
488,Bonthe,SL,2021-11-24 17:33:10,7.5264,-12.505,83.07,71,42,8.86
489,Takoradi,GH,2021-11-24 17:33:11,4.8845,-1.7554,81.25,80,10,7.96
490,Sandnessjoen,NO,2021-11-24 17:33:12,66.0217,12.6316,35.58,94,90,5.99
491,Shanghai,CN,2021-11-24 17:33:12,31.2222,121.4581,52.93,62,0,1.01
492,Ilfracombe,GB,2021-11-24 17:33:12,51.2093,-4.1134,46.85,85,93,4.54
493,Gatton,AU,2021-11-24 17:33:13,-27.55,152.2833,71.53,98,100,2.89
494,Road Town,VG,2021-11-24 17:29:20,18.4167,-64.6167,86.04,70,20,4.61
495,Tezu,IN,2021-11-24 17:33:13,27.9167,96.1667,62.37,64,16,3.94
496,Sassandra,CI,2021-11-24 17:33:14,4.95,-6.0833,80.08,80,24,5.19
497,Ambulu,ID,2021-11-24 17:33:14,-8.345,113.6058,76.57,90,100,2.98
498,Cadillac,US,2021-11-24 17:29:23,44.2519,-85.4012,45.97,53,1,11.5
499,Slave Lake,CA,2021-11-24 17:34:15,55.2834,-114.769,8.58,78,90,10.36
500,Gigmoto,PH,2021-11-24 17:34:15,13.7796,124.39,80.29,88,100,10.16
501,Yaan,NG,2021-11-24 17:34:16,7.3833,8.5667,87.13,36,82,1.7
502,Mareeba,AU,2021-11-24 17:34:16,-17.0,145.4333,75.43,92,83,1.43
503,Ca Mau,VN,2021-11-24 17:34:17,9.1769,105.15,74.98,94,100,4.29
504,Penzance,GB,2021-11-24 17:34:17,50.1186,-5.5371,47.77,87,20,3.44
505,Occhiobello,IT,2021-11-24 17:34:17,44.9207,11.5802,48.2,65,0,0.0
506,Bayan,CN,2021-11-24 17:34:18,46.0833,127.4,13.32,94,100,9.4
507,Zuenoula,CI,2021-11-24 17:34:18,7.4292,-6.0431,82.96,50,56,0.78
508,Araouane,ML,2021-11-24 17:34:19,18.9048,-3.5265,84.69,23,10,8.97
509,Taksimo,RU,2021-11-24 17:34:19,56.3444,114.8794,-14.12,92,18,0.31
510,Kasongo-Lunda,CD,2021-11-24 17:34:20,-6.4667,16.8167,72.61,96,100,2.89
511,Bajil,YE,2021-11-24 17:34:20,15.0584,43.2851,83.97,61,12,3.02
512,Pacific Grove,US,2021-11-24 17:34:21,36.6177,-121.9166,63.1,49,1,1.99
513,Vikhorevka,RU,2021-11-24 17:34:21,56.1201,101.1636,20.79,93,88,7.23
514,Waddan,LY,2021-11-24 17:34:21,29.1614,16.139,73.24,33,23,8.19
515,Porto Velho,BR,2021-11-24 17:34:22,-8.7619,-63.9039,87.85,62,40,3.44
516,Bundaberg,AU,2021-11-24 17:32:45,-24.85,152.35,76.21,93,89,1.99
517,Pochutla,MX,2021-11-24 17:31:38,15.7432,-96.4661,89.42,45,0,6.71
518,Ayan,RU,2021-11-24 17:34:22,56.45,138.1667,27.55,94,100,23.09
519,Glyadyanskoye,RU,2021-11-24 17:34:23,54.9075,65.0883,7.39,95,26,5.88
520,Bentiu,SS,2021-11-24 17:34:23,9.2333,29.8333,82.63,27,2,4.34
521,Cairns,AU,2021-11-24 17:32:43,-16.9167,145.7667,80.06,91,75,2.3
522,Rawah,IQ,2021-11-24 17:34:24,34.4816,41.9093,61.9,51,70,5.86
523,Payakumbuh,ID,2021-11-24 17:34:24,-0.2202,100.6308,70.3,88,96,2.98
524,Chibombo,ZM,2021-11-24 17:34:25,-14.6569,28.0706,68.5,86,99,6.02
525,Conde,BR,2021-11-24 17:34:25,-7.2597,-34.9075,87.26,58,40,12.66
526,Sambava,MG,2021-11-24 17:34:26,-14.2667,50.1667,76.08,74,22,5.39
527,Lima,PE,2021-11-24 17:31:00,-12.0432,-77.0282,75.9,68,75,13.8
528,Nadym,RU,2021-11-24 17:34:26,65.5333,72.5167,0.86,97,96,8.14
529,Tigil,RU,2021-11-24 17:34:26,57.8,158.6667,11.05,87,6,4.54
530,Cukai,MY,2021-11-24 17:34:27,4.25,103.4167,77.14,92,98,7.27
531,Cap-Aux-Meules,CA,2021-11-24 17:34:27,47.3821,-61.8597,37.45,93,90,28.77
532,Kenai,US,2021-11-24 17:33:17,60.5544,-151.2583,21.15,91,90,0.0
533,Mende,FR,2021-11-24 17:34:28,44.6667,3.5,37.22,93,100,6.78
534,Gorontalo,ID,2021-11-24 17:34:28,0.5412,123.0595,76.53,93,99,1.72
535,Yaya,RU,2021-11-24 17:34:28,56.206,86.44,20.86,94,100,13.73
536,Waitati,NZ,2021-11-24 17:34:29,-45.75,170.5667,53.02,91,100,3.04
537,Funchal,PT,2021-11-24 17:32:02,32.6333,-16.9,67.12,78,40,11.5
538,Sao Jose Da Coroa Grande,BR,2021-11-24 17:34:30,-8.8978,-35.1478,84.24,64,4,11.74
539,Placido De Castro,BR,2021-11-24 17:34:30,-10.3353,-67.1856,82.24,82,100,2.91
540,Aplahoue,BJ,2021-11-24 17:34:31,6.9333,1.6833,82.38,72,99,8.79
541,Rockport,US,2021-11-24 17:34:31,28.0206,-97.0544,82.65,65,20,3.0
542,Vijapur,IN,2021-11-24 17:34:31,23.5667,72.75,68.95,42,14,4.14
543,Ayni,TJ,2021-11-24 17:34:32,39.3941,68.5377,39.22,73,15,7.09
544,Oga,IT,2021-11-24 17:34:32,46.4631,10.347,31.69,87,2,3.56
545,Moshenskoye,RU,2021-11-24 17:35:33,58.5102,34.5911,32.77,85,93,12.66
546,Lyuban,BY,2021-11-24 17:35:33,52.7985,28.0048,36.23,85,98,11.54
547,Rosario Do Sul,BR,2021-11-24 17:35:34,-30.2583,-54.9142,87.64,24,0,11.23
548,Ribera,IT,2021-11-24 17:35:35,37.4984,13.2642,61.72,87,48,4.47
549,Gualaquiza,EC,2021-11-24 17:35:35,-3.4,-78.55,69.91,85,99,1.9
550,Kieta,PG,2021-11-24 17:31:30,-6.2167,155.6333,78.64,77,67,3.42
551,Narasannapeta,IN,2021-11-24 17:35:36,18.4167,84.05,75.9,87,86,5.23
552,Tubuala,PA,2021-11-24 17:35:36,9.5167,-79.0333,84.33,74,88,4.7
553,Payyannur,IN,2021-11-24 17:35:36,12.1,75.2,77.38,89,85,4.38
554,Port Arthur,CN,2021-11-24 17:35:37,38.8,121.2667,46.9,63,0,11.88
555,Vilshofen,DE,2021-11-24 17:35:37,48.6333,13.1833,36.75,93,0,1.86
556,Constitucion,CL,2021-11-24 17:35:37,-35.3333,-72.4167,61.95,71,73,14.03
